"id","first_name","last_name","email","birthdate","added",
"1","Kenna","Bahringer","boyer.mckenna@example.net","2006-05-12","1983-03-29 09:07:15",
"2","Akeem","Kuvalis","ilind@example.net","2005-04-06","1994-01-18 14:31:11",
"3","Orval","Lehner","hodkiewicz.angelina@example.net","1982-09-12","1980-11-23 23:56:56",
"4","Neva","Cruickshank","ken.beatty@example.net","1995-01-28","1991-04-14 00:51:41",
"5","Nikolas","Hoppe","xgreen@example.net","1983-02-24","1983-01-05 04:35:01",
"6","Rocio","Schuppe","yvette49@example.net","2000-10-11","1999-03-11 22:20:55",
"7","Joannie","Stokes","soledad66@example.com","1992-11-03","2018-12-23 01:38:02",
"8","Amanda","Beahan","fritsch.velma@example.org","1985-10-22","1998-12-15 20:55:43",
"9","Beau","Fritsch","bert29@example.net","2017-04-05","1972-04-08 22:07:53",
"10","Zoila","Murphy","haylie99@example.com","1985-08-25","1975-04-01 22:24:57",
"11","Elza","Schmeler","lebsack.cody@example.org","1978-01-14","1976-11-20 06:44:18",
"12","Joy","Schoen","casimir.daugherty@example.org","2014-11-05","2021-02-10 01:02:09",
"13","Charlene","Morar","dkunze@example.net","1974-03-16","2013-01-10 06:40:15",
"14","Sylvester","Leannon","vbernhard@example.com","2017-05-26","2014-07-04 08:17:54",
"15","Sherman","Gaylord","nedra55@example.net","2009-09-11","1988-11-18 10:45:31",
"16","Frederik","Conroy","franecki.ludwig@example.com","1997-07-07","1973-11-29 03:26:53",
"17","Joannie","Nitzsche","zwalter@example.org","1977-11-17","1973-08-30 01:23:40",
"18","Vance","Towne","horacio.kiehn@example.org","1971-10-07","1973-09-25 16:25:12",
"19","Zelma","Lehner","nathanael.white@example.net","2000-08-24","1989-12-12 20:03:51",
"20","Bella","Renner","jorge.cassin@example.org","1974-12-06","2000-02-24 19:16:54",
"21","Allie","Monahan","ricky.padberg@example.net","2019-01-18","1992-04-18 19:28:26",
"22","Dayana","Walter","zulauf.jay@example.net","1991-07-03","1998-05-31 14:56:19",
"23","Delbert","Rau","howe.gus@example.net","1974-01-23","1996-07-04 16:43:44",
"24","Frances","Orn","mazie48@example.net","1985-03-24","2019-04-24 16:39:13",
"25","Orpha","Douglas","zieme.mary@example.org","2010-05-09","1985-12-15 22:35:31",
"26","Isadore","Christiansen","kihn.adella@example.net","1992-05-17","2012-09-12 04:03:16",
"27","Wyman","Kuvalis","block.jake@example.com","1982-09-27","2017-01-13 04:09:07",
"28","Noel","Thompson","vmuller@example.com","1989-05-14","1972-07-27 14:41:24",
"29","Everette","Trantow","kyler.wuckert@example.org","2023-02-26","2010-10-10 09:03:46",
"30","Toni","Rogahn","yasmin.bechtelar@example.net","1983-07-09","1977-10-23 00:53:58",
"31","Rodrick","Ziemann","rschaden@example.org","2014-07-13","1974-04-02 08:16:07",
"32","Adelbert","Farrell","kreiger.jana@example.com","2017-06-21","1991-06-20 16:27:51",
"33","Daphnee","Schaefer","brendan.robel@example.org","2005-05-27","1981-03-11 14:05:54",
"34","Willy","Moore","bgutkowski@example.com","2022-04-04","1981-04-08 04:49:24",
"35","Stephany","Kunde","nikolaus.fae@example.net","1994-06-01","1979-08-21 14:10:39",
"36","Fred","Corwin","clovis.wehner@example.net","1986-03-08","1977-09-21 14:07:54",
"37","Berneice","Monahan","ahmed.ullrich@example.org","2009-11-18","2015-07-12 04:00:37",
"38","Lauretta","Streich","reggie.dickens@example.org","2009-03-14","2023-08-19 07:55:45",
"39","Buck","Greenholt","bradtke.jaylan@example.com","2011-04-18","1993-08-04 15:13:58",
"40","Marquise","Ward","harris.ricardo@example.org","1982-02-06","1985-02-24 16:47:51",
"41","Emmy","O'Hara","mallory82@example.net","2023-02-24","2017-10-19 20:50:55",
"42","Santa","Ankunding","tconroy@example.org","1993-01-24","1972-01-25 12:25:56",
"43","Pink","Wolf","runolfsson.broderick@example.com","2020-02-21","2008-04-09 21:03:44",
"44","Wilfredo","Casper","colby25@example.net","1997-08-07","2004-12-16 08:15:07",
"45","Margie","Hyatt","lsenger@example.net","1996-02-15","2002-07-20 10:37:46",
"46","Larry","Wuckert","leora.sanford@example.net","2007-09-12","1971-08-12 11:37:08",
"47","Hunter","Wehner","brunte@example.com","1979-05-12","1972-05-18 02:25:37",
"48","Mose","Parker","pfannerstill.maye@example.com","1974-12-09","2018-12-07 23:45:27",
"49","Tara","Grant","harmon90@example.com","1990-07-20","2015-02-01 21:01:36",
"50","Tracy","Mosciski","hschroeder@example.org","2000-01-15","1976-01-23 18:01:18",
"51","Christop","Mills","gerlach.dewayne@example.net","1988-02-14","2006-07-11 00:18:30",
"52","Pansy","Leannon","aubrey31@example.com","2000-07-09","1991-09-14 13:26:31",
"53","Murl","Klocko","maxime73@example.net","1991-09-27","1997-02-16 21:52:01",
"54","Ewell","Reichel","williamson.floyd@example.org","1999-04-11","1996-07-21 10:33:01",
"55","Kacie","McCullough","dominique.lakin@example.org","2019-01-17","1991-09-22 17:24:46",
"56","Greg","Hilpert","piper40@example.com","2009-11-30","1993-04-29 14:24:28",
"57","Jovanny","Becker","borer.randy@example.net","1982-07-08","2020-02-02 07:45:01",
"58","Elva","Torp","kheidenreich@example.net","1972-01-04","2013-04-26 17:22:30",
"59","Colt","Friesen","eryn.connelly@example.com","1985-06-14","1989-10-31 03:46:03",
"60","Oswaldo","Fahey","johnson.jocelyn@example.org","2016-01-07","1999-03-15 13:43:22",
"61","Alysha","Stokes","jalen50@example.net","1989-03-27","1990-01-28 23:25:20",
"62","Terrence","Wyman","wiegand.nels@example.org","2008-02-29","2022-02-21 02:13:28",
"63","Karen","Hagenes","tremblay.nathanael@example.com","1999-11-23","2015-05-04 16:39:24",
"64","Freeda","Goodwin","marion75@example.org","2000-11-16","2005-04-17 22:40:30",
"65","Mckayla","Huel","dameon33@example.com","1986-06-13","2012-03-02 00:47:26",
"66","Arnaldo","Emmerich","joseph94@example.com","2000-12-21","1979-07-20 05:09:04",
"67","Chasity","Stehr","xhaley@example.com","2002-06-23","1995-06-25 01:01:42",
"68","Asia","Runte","javier10@example.net","1987-12-14","2012-06-20 17:12:55",
"69","Janiya","Witting","lina.kuphal@example.net","2011-05-24","2020-06-06 03:51:41",
"70","Ana","Wiza","bkuhlman@example.org","2001-08-25","2018-05-04 00:22:58",
"71","Ned","Gusikowski","kirsten60@example.com","1992-01-22","1999-06-09 11:57:55",
"72","Marcia","Marquardt","landerson@example.org","1988-09-26","2011-05-14 22:16:13",
"73","Tyrell","Osinski","tatyana44@example.net","1994-12-26","2019-03-06 03:38:17",
"74","Mina","Bruen","green.gottlieb@example.com","2006-09-15","1991-12-28 13:39:11",
"75","Vida","Ullrich","craig.quitzon@example.com","2023-02-02","1982-01-29 04:16:34",
"76","Kendrick","Moen","eloisa34@example.org","2016-07-16","2002-09-28 23:54:08",
"77","Eudora","Rippin","fredrick.champlin@example.com","2011-09-30","1987-08-22 18:49:00",
"78","Amira","Cole","rachael.grimes@example.net","1986-04-08","2006-10-05 23:24:08",
"79","Mellie","Gerhold","little.mekhi@example.com","1994-11-02","2008-01-29 09:16:49",
"80","Barry","Goodwin","gerhard.mcclure@example.com","1976-02-14","1979-11-22 02:50:12",
"81","Cary","Johnston","emmanuelle63@example.org","1989-04-03","1993-08-02 11:12:00",
"82","Edwina","Howell","ashley12@example.net","1999-09-19","2005-10-10 05:24:57",
"83","Jalon","Lemke","bayer.floyd@example.com","2013-05-31","2017-10-18 08:03:53",
"84","Amaya","Gerlach","eleazar.paucek@example.net","2001-03-15","1970-04-01 11:54:23",
"85","Destiney","Reynolds","jakubowski.devon@example.com","2011-07-15","1991-09-05 03:12:17",
"86","Claud","Hayes","pcruickshank@example.com","1986-02-22","2003-10-10 02:54:47",
"87","Luigi","Rutherford","mitchell.kuhlman@example.net","2020-11-14","2008-10-23 04:09:07",
"88","Grant","Kertzmann","giles.huel@example.net","1979-08-01","1974-01-25 22:50:48",
"89","Vivianne","Hilll","cummings.mitchel@example.com","2015-04-10","1999-06-24 07:46:19",
"90","Drew","Bosco","damon.witting@example.com","1992-05-26","2015-03-12 07:13:41",
"91","Eveline","DuBuque","scarlett.raynor@example.com","2020-05-04","2006-07-23 03:24:52",
"92","Delores","Lemke","sofia.auer@example.org","1987-04-26","2017-12-25 07:50:27",
"93","Easton","Huels","lowe.nicolette@example.net","1991-07-28","2017-11-29 16:35:41",
"94","Raegan","Bauch","trantow.aisha@example.org","2019-05-12","2022-09-01 17:34:02",
"95","Enrico","Little","paucek.sherman@example.com","1996-08-01","1991-08-15 23:39:10",
"96","Jordyn","Quigley","destin73@example.net","2017-10-02","1970-08-17 14:38:31",
"97","Carmen","Romaguera","zschroeder@example.org","1983-03-15","2011-02-15 12:18:48",
"98","Juanita","Sauer","ashlee39@example.org","2007-01-21","1984-11-07 00:30:26",
"99","Preston","Schmeler","autumn03@example.com","1989-02-27","1981-03-28 11:17:45",
"100","Maya","Hodkiewicz","wiza.hugh@example.org","1998-04-12","1983-04-24 01:02:07",
